{
  "sections": [
    {
      "slug": "basics",
      "title": "Основы работы рекрутёра по Польше и Германии",
      "description": "Кто такой рекрутёр, как устроен рынок разнорабочих в Польше и Германии и чем отличается работа с разными типами вакансий.",
      "sort_order": 10,
      "lessons": [
        {
          "slug": "role-of-recruiter",
          "title": "Роль рекрутёра и воронка подбора",
          "estimated_minutes": 15,
          "sort_order": 10,
          "content": "Задача рекрутёра — не просто закрыть вакансию, а привести на объект подходящего кандидата, который реально доедет, выйдет на работу и отработает хотя бы первый месяц.\n\nВоронка рекрутинга:\n1. Источник кандидата — объявления, база, рекомендации, соцсети.\n2. Первичный контакт — скорость реакции и проверка базовых параметров.\n3. Скрининг — мотивация, ожидания по зарплате, условиям и городу.\n4. Презентация вакансии — честное описание и ответ на вопросы.\n5. Сбор документов и анкеты.\n6. Подтверждение выезда и сопровождение до приезда.\n7. Контроль выхода на смену и фидбек партнёру.\n\nХороший рекрутёр не исчезает после отправки кандидата и не обещает того, чего нет на объекте."
        },
        {
          "slug": "pl-market",
          "title": "Особенности польского рынка разнорабочих",
          "estimated_minutes": 20,
          "sort_order": 20,
          "content": "Польша привыкла к иностранным работникам, но требования к дисциплине и документам высокие.\n\nГлавное:\n- типы договоров: чаще всего umowa zlecenie для разнорабочих;\n- документы на работу: oświadczenie, zezwolenie тип A, карта побыту;\n- график: нередко 2–3 смены, ночные, работа в выходные;\n- жильё: 3–6 человек в комнате, вычеты из зарплаты.\n\nПри работе с польскими вакансиями рекрутёр обязан уточнять реальные часы, наличие простоев, штрафы и удержания, качество жилья и пример чистой суммы 'на руки' за месяц."
        },
        {
          "slug": "de-market",
          "title": "Особенности немецкого рынка разнорабочих",
          "estimated_minutes": 20,
          "sort_order": 30,
          "content": "В Германии больше бюрократии и выше ожидания по соблюдению правил.\n\nКлючевые моменты:\n- часто работа идёт через Zeitarbeit (аренда труда);\n- обязательны Anmeldung, Steuer-ID и банковский счёт;\n- строже отношение к опозданиям, алкоголю и самовольным прогулам;\n- важен язык: хотя бы базовый английский или немецкий.\n\nРекрутёр должен честно проговаривать ставку brutto/netto, тип жилья, налоги и реальный остаток после всех вычетов."
        }
      ]
    },
    {
      "slug": "documents",
      "title": "Документы и легализация кандидатов",
      "description": "Какие документы нужны, чем отличаются польские и немецкие правила и как не допускать ошибок.",
      "sort_order": 20,
      "lessons": [
        {
          "slug": "pl-docs",
          "title": "Документы для работы в Польше",
          "estimated_minutes": 20,
          "sort_order": 10,
          "content": "Минимальный набор документов для Польши:\n- загранпаспорт с запасом по сроку;\n- подходящая виза или безвиз;\n- PESEL (или понимание, кто помогает его оформить);\n- номер телефона, который будет работать в ЕС.\n\nВажно различать oświadczenie, zezwolenie и карту побыту, понимать, на кого оформлены бумаги, и заранее объяснять кандидату, что оригиналы документов нужны в дороге."
        },
        {
          "slug": "de-docs",
          "title": "Документы для работы в Германии",
          "estimated_minutes": 20,
          "sort_order": 20,
          "content": "Для работы в Германии обычно нужны:\n- загранпаспорт;\n- виза / ВНЖ или гражданство ЕС;\n- Anmeldung (регистрация по адресу);\n- банковский счёт в ЕС;\n- медстраховка.\n\nРекрутёр заранее уточняет опыт работы кандидата в ЕС, наличие счёта, готовность проходить бюрократические процедуры и объясняет, какие шаги агентство берёт на себя, а какие — нет."
        },
        {
          "slug": "docs-quality",
          "title": "Как собирать и проверять документы кандидата",
          "estimated_minutes": 15,
          "sort_order": 30,
          "content": "Принципы качественной работы с документами:\n\n1. Проси нормальные фото и сканы без бликов и обрезанных углов.\n2. Храни документы структурировано: папки по кандидатам, понятные названия файлов.\n3. Сверяй данные паспорта, виз и анкет.\n4. Веди чек-лист недостающих файлов и напоминания кандидату.\n\nАккуратная работа с документами снижает процент отказов и экономит время всем участникам процесса."
        }
      ]
    },
    {
      "slug": "process",
      "title": "Процесс рекрутинга разнорабочих",
      "description": "Пошаговый сценарий: от входящей заявки до первых смен кандидата.",
      "sort_order": 30,
      "lessons": [
        {
          "slug": "funnel-steps",
          "title": "Пошаговый процесс рекрутинга",
          "estimated_minutes": 20,
          "sort_order": 10,
          "content": "Базовый процесс:\n1. Лид — кандидат пишет или звонит.\n2. Квалификация — страна, документы, язык, опыт.\n3. Подбор одной‑двух подходящих вакансий.\n4. Детальная презентация выбранного варианта.\n5. Сбор документов и подписанных согласий.\n6. Подготовка к выезду: билеты, контакты, адрес.\n7. Контроль приезда и выхода на смену.\n8. Обратная связь партнёру и фиксация статуса в CRM.\n\nНа каждом шаге рекрутёр задаёт себе вопрос: «Понимает ли кандидат, что будет дальше?»"
        },
        {
          "slug": "interview",
          "title": "Интервью с кандидатом: практические вопросы",
          "estimated_minutes": 15,
          "sort_order": 20,
          "content": "Примеры обязательных вопросов:\n- С каким графиком вы реально готовы работать?\n- Какой самый тяжёлый объект у вас был?\n- Что для вас важнее: город, ставка или жильё?\n- Были ли случаи, когда вы уходили с работы раньше времени и почему?\n\nЦель: понять не только навыки, но и дисциплину, устойчивость к нагрузкам и реальную мотивацию."
        },
        {
          "slug": "selling",
          "title": "Как честно продавать вакансию",
          "estimated_minutes": 15,
          "sort_order": 30,
          "content": "Хорошая презентация вакансии включает:\n- город и тип объекта;\n- график и надчасы;\n- ставку и пример чистой суммы;\n- условия жилья с реальными фото;\n- правила на объекте (алкоголь, штрафы, дисциплина).\n\nРекрутёр не скрывает сложные моменты, но показывает и плюсы: стабильность часов, нормальное жильё, адекватный координатор и т.п."
        },
        {
          "slug": "support",
          "title": "Сопровождение кандидата до и после выезда",
          "estimated_minutes": 15,
          "sort_order": 40,
          "content": "Поддержка кандидата — это конкурентное преимущество рекрутёра.\n\nПрактика:\n- прислать чек-лист, что взять с собой;\n- напомнить время выезда и контакт на месте;\n- после первой смены спросить, всё ли нормально, нет ли критичных проблем;\n- если что-то идёт не так, не игнорировать, а аккуратно подключать координатора.\n\nТак строятся доверие и повторные рекомендации."
        }
      ]
    },
    {
      "slug": "partners",
      "title": "Работа с партнёрами и заказчиками",
      "description": "Как быть удобным и предсказуемым партнёром для агентств и работодателей.",
      "sort_order": 40,
      "lessons": [
        {
          "slug": "communication",
          "title": "Коммуникация с партнёром",
          "estimated_minutes": 15,
          "sort_order": 10,
          "content": "Хороший партнёр:\n- даёт честный прогноз по кандидатам;\n- вовремя обновляет статусы (думает, отказался, выехал, вышел);\n- не 'теряет' людей и не молчит, если что-то пошло не так;\n- читает условия и не обещает кандидату лишнего.\n\nЛучше написать партнёру неприятную правду, чем ничего не писать вообще."
        },
        {
          "slug": "mistakes",
          "title": "Типичные ошибки партнёров",
          "estimated_minutes": 15,
          "sort_order": 20,
          "content": "Частые ошибки:\n- отправка неподготовленных кандидатов;\n- отсутствие финального подтверждения выезда;\n- завышенные ожидания по зарплате у кандидата;\n- скрытие проблем на объекте.\n\nЗадача профессионала — минимизировать сюрпризы для всех сторон."
        }
      ]
    },
    {
      "slug": "service",
      "title": "Сервис, этика и репутация",
      "description": "Как не выгореть и сохранять репутацию надёжного партнёра.",
      "sort_order": 50,
      "lessons": [
        {
          "slug": "ethics",
          "title": "Этика рекрутёра",
          "estimated_minutes": 15,
          "sort_order": 10,
          "content": "Этика — это не красивые слова, а ежедневные маленькие решения.\n\nПримеры:\n- не брать 'откаты' от кандидатов;\n- не скрывать реальные условия;\n- признавать ошибки и исправлять их;\n- уважать время кандидатов и партнёров.\n\nРынок миграции тесный: репутация ходит быстрее любой рекламы."
        },
        {
          "slug": "burnout",
          "title": "Профилактика выгорания",
          "estimated_minutes": 15,
          "sort_order": 20,
          "content": "Рекрутинг — интенсивная работа: много общения, дедлайнов и конфликтных ситуаций.\n\nЧтобы не выгореть:\n- ставь реалистичные планы по количеству диалогов в день;\n- разделяй рабочие и личные чаты;\n- фиксируй успехи (выходы, хорошие отзывы);\n- проси помощи у команды, если накрыло негативом.\n\nУсталый рекрутёр хуже продаёт вакансии и чаще ошибается в людях."
        }
      ]
    }
  ],
  "partner_quiz_questions": [
    {
      "text": "Я всегда честно описываю условия вакансии, даже если боюсь потерять кандидата.",
      "dimension": "honesty",
      "sort_order": 10
    },
    {
      "text": "Я вовремя сообщаю партнёру, если кандидат передумал или изменил планы.",
      "dimension": "communication",
      "sort_order": 20
    },
    {
      "text": "У меня есть система (таблица, CRM, заметки), где я фиксирую статусы кандидатов.",
      "dimension": "process",
      "sort_order": 30
    },
    {
      "text": "Я стараюсь понимать реальные ожидания кандидата по ставке, жилью и городу, а не просто 'продать' вакансию.",
      "dimension": "quality",
      "sort_order": 40
    },
    {
      "text": "Если объект сложный, я заранее проговариваю с кандидатом возможные трудности.",
      "dimension": "honesty",
      "sort_order": 50
    },
    {
      "text": "Я не пропадаю после того, как кандидат уехал, и интересуюсь его ситуацией хотя бы в первые дни.",
      "dimension": "support",
      "sort_order": 60
    },
    {
      "text": "Я умею без конфликта говорить 'нет', если кандидат или партнёр просят невозможное.",
      "dimension": "boundaries",
      "sort_order": 70
    },
    {
      "text": "Я не беру 'откаты' и не участвую в серых схемах с выплатами.",
      "dimension": "ethics",
      "sort_order": 80
    },
    {
      "text": "Я аккуратно обращаюсь с документами и личными данными кандидатов.",
      "dimension": "ethics",
      "sort_order": 90
    },
    {
      "text": "У меня есть план, как развиваться как партнёр (что улучшать в ближайшие 3–6 месяцев).",
      "dimension": "growth",
      "sort_order": 100
    }
  ]
}